{
  "last_node_id": 34,
  "last_link_id": 44,
  "nodes": [
    {
      "id": 1,
      "type": "CheckpointLoaderSimple",
      "pos": {
        "0": -367.794921875,
        "1": 115.2308349609375
      },
      "size": {
        "0": 315,
        "1": 98
      },
      "flags": {},
      "order": 0,
      "mode": 0,
      "inputs": [],
      "outputs": [
        {
          "name": "MODEL",
          "type": "MODEL",
          "links": [
            5
          ],
          "slot_index": 0,
          "shape": 3
        },
        {
          "name": "CLIP",
          "type": "CLIP",
          "links": [
            1,
            2
          ],
          "slot_index": 1,
          "shape": 3
        },
        {
          "name": "VAE",
          "type": "VAE",
          "links": [
            6,
            20
          ],
          "slot_index": 2,
          "shape": 3
        }
      ],
      "properties": {
        "Node name for S&R": "CheckpointLoaderSimple"
      },
      "widgets_values": [
        "level4XL_alphaV04.safetensors"
      ]
    },
    {
      "id": 2,
      "type": "CLIPTextEncode",
      "pos": {
        "0": 216.8038330078125,
        "1": 82.44305419921875
      },
      "size": {
        "0": 400,
        "1": 200
      },
      "flags": {},
      "order": 4,
      "mode": 0,
      "inputs": [
        {
          "name": "clip",
          "type": "CLIP",
          "link": 1
        }
      ],
      "outputs": [
        {
          "name": "CONDITIONING",
          "type": "CONDITIONING",
          "links": [
            3
          ],
          "slot_index": 0,
          "shape": 3
        }
      ],
      "properties": {
        "Node name for S&R": "CLIPTextEncode"
      },
      "widgets_values": [
        "Oil painting in the style of Vincent van Gogh, Bold, visible brushstrokes. Vibrant, swirling colors. Thick paint application. Emotional and expressive scene. Post-impressionist technique. Strong yellows and blues. Distorted perspective. Painterly texture. Iconic Van Gogh aesthetic. Painterly texture. Iconic Van Gogh aesthetic.\nVan Gogh's style, art.\nIf figures are present: subtle gender representation through period-appropriate clothing and hairstyles, focus on character and expression rather than exaggerated physical features, natural, unidealized body proportions.\nTransform the input image into the style of Vincent van Gogh while preserving its original content and composition.\nMaintain the emotional essence and main elements of the original image."
      ]
    },
    {
      "id": 3,
      "type": "CLIPTextEncode",
      "pos": {
        "0": 219.8038787841797,
        "1": 342.4433898925781
      },
      "size": {
        "0": 400,
        "1": 200
      },
      "flags": {},
      "order": 5,
      "mode": 0,
      "inputs": [
        {
          "name": "clip",
          "type": "CLIP",
          "link": 2
        }
      ],
      "outputs": [
        {
          "name": "CONDITIONING",
          "type": "CONDITIONING",
          "links": [
            4
          ],
          "slot_index": 0,
          "shape": 3
        }
      ],
      "properties": {
        "Node name for S&R": "CLIPTextEncode"
      },
      "widgets_values": [
        "Photorealistic 3D rendering, perfect perspective, smooth gradients, sharp lines, flat textures, symmetrical structures, modern digital effects, academic realism, fine brush strokes, digital art appearance, minimalism, monochrome, flat backgrounds, hyper-realism, pixel art, vector graphics, CGI look, contemporary art styles, photographic accuracy, airbrushed effect, computer-generated imagery, stock photo aesthetic, clip art, cartoon style, anime influence, pop art, text, watermark, nudity, sexualized content.\nDo add: new human figures, faces, or body parts not in the original image.\nChanging the main subject or composition, introducing anachronistic elements, altering the number of key elements in the scene.\n"
      ]
    },
    {
      "id": 6,
      "type": "ControlNetApplyAdvanced",
      "pos": {
        "0": 879,
        "1": 218
      },
      "size": {
        "0": 340.20001220703125,
        "1": 166
      },
      "flags": {},
      "order": 10,
      "mode": 0,
      "inputs": [
        {
          "name": "positive",
          "type": "CONDITIONING",
          "link": 3
        },
        {
          "name": "negative",
          "type": "CONDITIONING",
          "link": 4
        },
        {
          "name": "control_net",
          "type": "CONTROL_NET",
          "link": 44
        },
        {
          "name": "image",
          "type": "IMAGE",
          "link": 41
        }
      ],
      "outputs": [
        {
          "name": "positive",
          "type": "CONDITIONING",
          "links": [
            9
          ],
          "shape": 3
        },
        {
          "name": "negative",
          "type": "CONDITIONING",
          "links": [
            10
          ],
          "shape": 3
        }
      ],
      "properties": {
        "Node name for S&R": "ControlNetApplyAdvanced"
      },
      "widgets_values": [
        1,
        0,
        1
      ]
    },
    {
      "id": 7,
      "type": "VAEDecode",
      "pos": {
        "0": 1436,
        "1": 115
      },
      "size": {
        "0": 210,
        "1": 46
      },
      "flags": {},
      "order": 12,
      "mode": 0,
      "inputs": [
        {
          "name": "samples",
          "type": "LATENT",
          "link": 7
        },
        {
          "name": "vae",
          "type": "VAE",
          "link": 6
        }
      ],
      "outputs": [
        {
          "name": "IMAGE",
          "type": "IMAGE",
          "links": [
            8
          ],
          "slot_index": 0,
          "shape": 3
        }
      ],
      "properties": {
        "Node name for S&R": "VAEDecode"
      }
    },
    {
      "id": 8,
      "type": "KSampler",
      "pos": {
        "0": 1009,
        "1": 547
      },
      "size": {
        "0": 315,
        "1": 262
      },
      "flags": {},
      "order": 11,
      "mode": 0,
      "inputs": [
        {
          "name": "model",
          "type": "MODEL",
          "link": 5
        },
        {
          "name": "positive",
          "type": "CONDITIONING",
          "link": 9
        },
        {
          "name": "negative",
          "type": "CONDITIONING",
          "link": 10
        },
        {
          "name": "latent_image",
          "type": "LATENT",
          "link": 17
        }
      ],
      "outputs": [
        {
          "name": "LATENT",
          "type": "LATENT",
          "links": [
            7
          ],
          "slot_index": 0,
          "shape": 3
        }
      ],
      "properties": {
        "Node name for S&R": "KSampler"
      },
      "widgets_values": [
        454980845773004,
        "randomize",
        8,
        3,
        "euler_cfg_pp",
        "karras",
        0.99
      ]
    },
    {
      "id": 9,
      "type": "ControlNetLoader",
      "pos": {
        "0": -362.794921875,
        "1": 268.2306213378906
      },
      "size": {
        "0": 315,
        "1": 58
      },
      "flags": {},
      "order": 1,
      "mode": 0,
      "inputs": [],
      "outputs": [
        {
          "name": "CONTROL_NET",
          "type": "CONTROL_NET",
          "links": [
            44
          ],
          "slot_index": 0,
          "shape": 3
        }
      ],
      "properties": {
        "Node name for S&R": "ControlNetLoader"
      },
      "widgets_values": [
        "xinsir_controlnet-canny-sdxl-1.0.safetensors"
      ]
    },
    {
      "id": 10,
      "type": "LoadImage",
      "pos": {
        "0": -356,
        "1": 531
      },
      "size": {
        "0": 315,
        "1": 314
      },
      "flags": {},
      "order": 3,
      "mode": 0,
      "inputs": [],
      "outputs": [
        {
          "name": "IMAGE",
          "type": "IMAGE",
          "links": [
            16
          ],
          "slot_index": 0,
          "shape": 3
        },
        {
          "name": "MASK",
          "type": "MASK",
          "links": null,
          "shape": 3
        }
      ],
      "properties": {
        "Node name for S&R": "LoadImage"
      },
      "widgets_values": [
        "16279791209917078697-EDIT.jpg",
        "image"
      ]
    },
    {
      "id": 12,
      "type": "PreviewImage",
      "pos": {
        "0": 297,
        "1": 1020
      },
      "size": [
        213.03071775390617,
        343.25935291015617
      ],
      "flags": {},
      "order": 7,
      "mode": 0,
      "inputs": [
        {
          "name": "images",
          "type": "IMAGE",
          "link": 18
        }
      ],
      "outputs": [],
      "properties": {
        "Node name for S&R": "PreviewImage"
      }
    },
    {
      "id": 13,
      "type": "SaveImage",
      "pos": {
        "0": 1732.53271484375,
        "1": 42.8275146484375
      },
      "size": {
        "0": 609.7891235351562,
        "1": 587.3868408203125
      },
      "flags": {},
      "order": 13,
      "mode": 0,
      "inputs": [
        {
          "name": "images",
          "type": "IMAGE",
          "link": 8
        }
      ],
      "outputs": [],
      "properties": {},
      "widgets_values": [
        "ComfyUI"
      ]
    },
    {
      "id": 14,
      "type": "FS: Fit Image And Resize",
      "pos": {
        "0": 45,
        "1": 666
      },
      "size": {
        "0": 315,
        "1": 234
      },
      "flags": {},
      "order": 6,
      "mode": 0,
      "inputs": [
        {
          "name": "image",
          "type": "IMAGE",
          "link": 16
        },
        {
          "name": "vae",
          "type": "VAE",
          "link": 20
        }
      ],
      "outputs": [
        {
          "name": "Latent",
          "type": "LATENT",
          "links": [
            17
          ],
          "slot_index": 0,
          "shape": 3
        },
        {
          "name": "Image",
          "type": "IMAGE",
          "links": [
            18,
            29
          ],
          "slot_index": 1,
          "shape": 3
        },
        {
          "name": "Fit Width",
          "type": "INT",
          "links": null,
          "slot_index": 2,
          "shape": 3
        },
        {
          "name": "Fit Height",
          "type": "INT",
          "links": null,
          "shape": 3
        },
        {
          "name": "Aspect Ratio",
          "type": "FLOAT",
          "links": null,
          "shape": 3
        }
      ],
      "properties": {
        "Node name for S&R": "FS: Fit Image And Resize"
      },
      "widgets_values": [
        1024,
        "lanczos",
        "false",
        1,
        0
      ]
    },
    {
      "id": 22,
      "type": "SetUnionControlNetType",
      "pos": {
        "0": 875,
        "1": 60
      },
      "size": {
        "0": 315,
        "1": 58
      },
      "flags": {},
      "order": 2,
      "mode": 0,
      "inputs": [
        {
          "name": "control_net",
          "type": "CONTROL_NET",
          "link": null
        }
      ],
      "outputs": [
        {
          "name": "CONTROL_NET",
          "type": "CONTROL_NET",
          "links": [],
          "slot_index": 0,
          "shape": 3
        }
      ],
      "properties": {
        "Node name for S&R": "SetUnionControlNetType"
      },
      "widgets_values": [
        "canny/lineart/anime_lineart/mlsd"
      ]
    },
    {
      "id": 24,
      "type": "AIO_Preprocessor",
      "pos": {
        "0": 445,
        "1": 728
      },
      "size": {
        "0": 315,
        "1": 82
      },
      "flags": {},
      "order": 8,
      "mode": 0,
      "inputs": [
        {
          "name": "image",
          "type": "IMAGE",
          "link": 29
        }
      ],
      "outputs": [
        {
          "name": "IMAGE",
          "type": "IMAGE",
          "links": [
            34,
            41
          ],
          "slot_index": 0,
          "shape": 3
        }
      ],
      "properties": {
        "Node name for S&R": "AIO_Preprocessor"
      },
      "widgets_values": [
        "CannyEdgePreprocessor",
        512
      ]
    },
    {
      "id": 29,
      "type": "PreviewImage",
      "pos": {
        "0": 766,
        "1": 1010
      },
      "size": [
        289.01364755344366,
        449.3721873459242
      ],
      "flags": {},
      "order": 9,
      "mode": 0,
      "inputs": [
        {
          "name": "images",
          "type": "IMAGE",
          "link": 34
        }
      ],
      "outputs": [],
      "properties": {
        "Node name for S&R": "PreviewImage"
      }
    }
  ],
  "links": [
    [
      1,
      1,
      1,
      2,
      0,
      "CLIP"
    ],
    [
      2,
      1,
      1,
      3,
      0,
      "CLIP"
    ],
    [
      3,
      2,
      0,
      6,
      0,
      "CONDITIONING"
    ],
    [
      4,
      3,
      0,
      6,
      1,
      "CONDITIONING"
    ],
    [
      5,
      1,
      0,
      8,
      0,
      "MODEL"
    ],
    [
      6,
      1,
      2,
      7,
      1,
      "VAE"
    ],
    [
      7,
      8,
      0,
      7,
      0,
      "LATENT"
    ],
    [
      8,
      7,
      0,
      13,
      0,
      "IMAGE"
    ],
    [
      9,
      6,
      0,
      8,
      1,
      "CONDITIONING"
    ],
    [
      10,
      6,
      1,
      8,
      2,
      "CONDITIONING"
    ],
    [
      16,
      10,
      0,
      14,
      0,
      "IMAGE"
    ],
    [
      17,
      14,
      0,
      8,
      3,
      "LATENT"
    ],
    [
      18,
      14,
      1,
      12,
      0,
      "IMAGE"
    ],
    [
      20,
      1,
      2,
      14,
      1,
      "VAE"
    ],
    [
      29,
      14,
      1,
      24,
      0,
      "IMAGE"
    ],
    [
      34,
      24,
      0,
      29,
      0,
      "IMAGE"
    ],
    [
      41,
      24,
      0,
      6,
      3,
      "IMAGE"
    ],
    [
      44,
      9,
      0,
      6,
      2,
      "CONTROL_NET"
    ]
  ],
  "groups": [
    {
      "title": "OUTPUT",
      "bounding": [
        1714,
        -41,
        647,
        690
      ],
      "color": "#8A8",
      "font_size": 28,
      "flags": {}
    },
    {
      "title": "LOAD IMAGE",
      "bounding": [
        -363,
        450,
        335,
        398
      ],
      "color": "#88A",
      "font_size": 24,
      "flags": {}
    },
    {
      "title": "PROMPT (+/-)",
      "bounding": [
        207,
        8,
        423,
        544
      ],
      "color": "#3f789e",
      "font_size": 18,
      "flags": {}
    },
    {
      "title": "LOAD MODELS (SD+Controlnet)",
      "bounding": [
        -374,
        34,
        354,
        303
      ],
      "color": "#3f789e",
      "font_size": 24,
      "flags": {}
    },
    {
      "title": "INPUTS",
      "bounding": [
        -379,
        -36,
        368,
        959
      ],
      "color": "#3f789e",
      "font_size": 28,
      "flags": {}
    }
  ],
  "config": {},
  "extra": {
    "ds": {
      "scale": 0.5131581182307067,
      "offset": {
        "0": 938.18017578125,
        "1": 348.7319030761719
      }
    }
  },
  "version": 0.4
}